,virus,Start,End,Score
0,nc_045512.2.fasta.S15-30_L3-10_M3.pal,0,100,0
1,nc_045512.2.fasta.S15-30_L3-10_M3.pal,50,150,0
2,nc_045512.2.fasta.S15-30_L3-10_M3.pal,100,200,0
3,nc_045512.2.fasta.S15-30_L3-10_M3.pal,150,250,0
4,nc_045512.2.fasta.S15-30_L3-10_M3.pal,200,300,0
5,nc_045512.2.fasta.S15-30_L3-10_M3.pal,250,350,0
6,nc_045512.2.fasta.S15-30_L3-10_M3.pal,300,400,0
7,nc_045512.2.fasta.S15-30_L3-10_M3.pal,350,450,0
8,nc_045512.2.fasta.S15-30_L3-10_M3.pal,400,500,0
9,nc_045512.2.fasta.S15-30_L3-10_M3.pal,450,550,0
10,nc_045512.2.fasta.S15-30_L3-10_M3.pal,500,600,0
11,nc_045512.2.fasta.S15-30_L3-10_M3.pal,550,650,0
12,nc_045512.2.fasta.S15-30_L3-10_M3.pal,600,700,0
13,nc_045512.2.fasta.S15-30_L3-10_M3.pal,650,750,0
14,nc_045512.2.fasta.S15-30_L3-10_M3.pal,700,800,0
15,nc_045512.2.fasta.S15-30_L3-10_M3.pal,750,850,0
16,nc_045512.2.fasta.S15-30_L3-10_M3.pal,800,900,0
17,nc_045512.2.fasta.S15-30_L3-10_M3.pal,850,950,0
18,nc_045512.2.fasta.S15-30_L3-10_M3.pal,900,1000,0
19,nc_045512.2.fasta.S15-30_L3-10_M3.pal,950,1050,0
20,nc_045512.2.fasta.S15-30_L3-10_M3.pal,1000,1100,0
21,nc_045512.2.fasta.S15-30_L3-10_M3.pal,1050,1150,0
22,nc_045512.2.fasta.S15-30_L3-10_M3.pal,1100,1200,0
23,nc_045512.2.fasta.S15-30_L3-10_M3.pal,1150,1250,1
24,nc_045512.2.fasta.S15-30_L3-10_M3.pal,1200,1300,1
25,nc_045512.2.fasta.S15-30_L3-10_M3.pal,1250,1350,1
26,nc_045512.2.fasta.S15-30_L3-10_M3.pal,1300,1400,0
27,nc_045512.2.fasta.S15-30_L3-10_M3.pal,1350,1450,0
28,nc_045512.2.fasta.S15-30_L3-10_M3.pal,1400,1500,0
29,nc_045512.2.fasta.S15-30_L3-10_M3.pal,1450,1550,0
30,nc_045512.2.fasta.S15-30_L3-10_M3.pal,1500,1600,0
31,nc_045512.2.fasta.S15-30_L3-10_M3.pal,1550,1650,0
32,nc_045512.2.fasta.S15-30_L3-10_M3.pal,1600,1700,0
33,nc_045512.2.fasta.S15-30_L3-10_M3.pal,1650,1750,0
34,nc_045512.2.fasta.S15-30_L3-10_M3.pal,1700,1800,0
35,nc_045512.2.fasta.S15-30_L3-10_M3.pal,1750,1850,0
36,nc_045512.2.fasta.S15-30_L3-10_M3.pal,1800,1900,0
37,nc_045512.2.fasta.S15-30_L3-10_M3.pal,1850,1950,0
38,nc_045512.2.fasta.S15-30_L3-10_M3.pal,1900,2000,0
39,nc_045512.2.fasta.S15-30_L3-10_M3.pal,1950,2050,0
40,nc_045512.2.fasta.S15-30_L3-10_M3.pal,2000,2100,0
41,nc_045512.2.fasta.S15-30_L3-10_M3.pal,2050,2150,0
42,nc_045512.2.fasta.S15-30_L3-10_M3.pal,2100,2200,0
43,nc_045512.2.fasta.S15-30_L3-10_M3.pal,2150,2250,0
44,nc_045512.2.fasta.S15-30_L3-10_M3.pal,2200,2300,0
45,nc_045512.2.fasta.S15-30_L3-10_M3.pal,2250,2350,0
46,nc_045512.2.fasta.S15-30_L3-10_M3.pal,2300,2400,0
47,nc_045512.2.fasta.S15-30_L3-10_M3.pal,2350,2450,0
48,nc_045512.2.fasta.S15-30_L3-10_M3.pal,2400,2500,0
49,nc_045512.2.fasta.S15-30_L3-10_M3.pal,2450,2550,0
50,nc_045512.2.fasta.S15-30_L3-10_M3.pal,2500,2600,0
51,nc_045512.2.fasta.S15-30_L3-10_M3.pal,2550,2650,0
52,nc_045512.2.fasta.S15-30_L3-10_M3.pal,2600,2700,0
53,nc_045512.2.fasta.S15-30_L3-10_M3.pal,2650,2750,0
54,nc_045512.2.fasta.S15-30_L3-10_M3.pal,2700,2800,0
55,nc_045512.2.fasta.S15-30_L3-10_M3.pal,2750,2850,0
56,nc_045512.2.fasta.S15-30_L3-10_M3.pal,2800,2900,0
57,nc_045512.2.fasta.S15-30_L3-10_M3.pal,2850,2950,0
58,nc_045512.2.fasta.S15-30_L3-10_M3.pal,2900,3000,0
59,nc_045512.2.fasta.S15-30_L3-10_M3.pal,2950,3050,0
60,nc_045512.2.fasta.S15-30_L3-10_M3.pal,3000,3100,0
61,nc_045512.2.fasta.S15-30_L3-10_M3.pal,3050,3150,0
62,nc_045512.2.fasta.S15-30_L3-10_M3.pal,3100,3200,7
63,nc_045512.2.fasta.S15-30_L3-10_M3.pal,3150,3250,7
64,nc_045512.2.fasta.S15-30_L3-10_M3.pal,3200,3300,0
65,nc_045512.2.fasta.S15-30_L3-10_M3.pal,3250,3350,0
66,nc_045512.2.fasta.S15-30_L3-10_M3.pal,3300,3400,0
67,nc_045512.2.fasta.S15-30_L3-10_M3.pal,3350,3450,0
68,nc_045512.2.fasta.S15-30_L3-10_M3.pal,3400,3500,0
69,nc_045512.2.fasta.S15-30_L3-10_M3.pal,3450,3550,0
70,nc_045512.2.fasta.S15-30_L3-10_M3.pal,3500,3600,0
71,nc_045512.2.fasta.S15-30_L3-10_M3.pal,3550,3650,0
72,nc_045512.2.fasta.S15-30_L3-10_M3.pal,3600,3700,0
73,nc_045512.2.fasta.S15-30_L3-10_M3.pal,3650,3750,0
74,nc_045512.2.fasta.S15-30_L3-10_M3.pal,3700,3800,0
75,nc_045512.2.fasta.S15-30_L3-10_M3.pal,3750,3850,0
76,nc_045512.2.fasta.S15-30_L3-10_M3.pal,3800,3900,0
77,nc_045512.2.fasta.S15-30_L3-10_M3.pal,3850,3950,0
78,nc_045512.2.fasta.S15-30_L3-10_M3.pal,3900,4000,0
79,nc_045512.2.fasta.S15-30_L3-10_M3.pal,3950,4050,0
80,nc_045512.2.fasta.S15-30_L3-10_M3.pal,4000,4100,0
81,nc_045512.2.fasta.S15-30_L3-10_M3.pal,4050,4150,0
82,nc_045512.2.fasta.S15-30_L3-10_M3.pal,4100,4200,0
83,nc_045512.2.fasta.S15-30_L3-10_M3.pal,4150,4250,0
84,nc_045512.2.fasta.S15-30_L3-10_M3.pal,4200,4300,0
85,nc_045512.2.fasta.S15-30_L3-10_M3.pal,4250,4350,0
86,nc_045512.2.fasta.S15-30_L3-10_M3.pal,4300,4400,0
87,nc_045512.2.fasta.S15-30_L3-10_M3.pal,4350,4450,0
88,nc_045512.2.fasta.S15-30_L3-10_M3.pal,4400,4500,0
89,nc_045512.2.fasta.S15-30_L3-10_M3.pal,4450,4550,0
90,nc_045512.2.fasta.S15-30_L3-10_M3.pal,4500,4600,0
91,nc_045512.2.fasta.S15-30_L3-10_M3.pal,4550,4650,0
92,nc_045512.2.fasta.S15-30_L3-10_M3.pal,4600,4700,0
93,nc_045512.2.fasta.S15-30_L3-10_M3.pal,4650,4750,0
94,nc_045512.2.fasta.S15-30_L3-10_M3.pal,4700,4800,2
95,nc_045512.2.fasta.S15-30_L3-10_M3.pal,4750,4850,2
96,nc_045512.2.fasta.S15-30_L3-10_M3.pal,4800,4900,1
97,nc_045512.2.fasta.S15-30_L3-10_M3.pal,4850,4950,0
98,nc_045512.2.fasta.S15-30_L3-10_M3.pal,4900,5000,0
99,nc_045512.2.fasta.S15-30_L3-10_M3.pal,4950,5050,0
100,nc_045512.2.fasta.S15-30_L3-10_M3.pal,5000,5100,4
101,nc_045512.2.fasta.S15-30_L3-10_M3.pal,5050,5150,5
102,nc_045512.2.fasta.S15-30_L3-10_M3.pal,5100,5200,5
103,nc_045512.2.fasta.S15-30_L3-10_M3.pal,5150,5250,0
104,nc_045512.2.fasta.S15-30_L3-10_M3.pal,5200,5300,0
105,nc_045512.2.fasta.S15-30_L3-10_M3.pal,5250,5350,0
106,nc_045512.2.fasta.S15-30_L3-10_M3.pal,5300,5400,0
107,nc_045512.2.fasta.S15-30_L3-10_M3.pal,5350,5450,1
108,nc_045512.2.fasta.S15-30_L3-10_M3.pal,5400,5500,1
109,nc_045512.2.fasta.S15-30_L3-10_M3.pal,5450,5550,0
110,nc_045512.2.fasta.S15-30_L3-10_M3.pal,5500,5600,1
111,nc_045512.2.fasta.S15-30_L3-10_M3.pal,5550,5650,1
112,nc_045512.2.fasta.S15-30_L3-10_M3.pal,5600,5700,1
113,nc_045512.2.fasta.S15-30_L3-10_M3.pal,5650,5750,6
114,nc_045512.2.fasta.S15-30_L3-10_M3.pal,5700,5800,6
115,nc_045512.2.fasta.S15-30_L3-10_M3.pal,5750,5850,6
116,nc_045512.2.fasta.S15-30_L3-10_M3.pal,5800,5900,0
117,nc_045512.2.fasta.S15-30_L3-10_M3.pal,5850,5950,0
118,nc_045512.2.fasta.S15-30_L3-10_M3.pal,5900,6000,0
119,nc_045512.2.fasta.S15-30_L3-10_M3.pal,5950,6050,0
120,nc_045512.2.fasta.S15-30_L3-10_M3.pal,6000,6100,0
121,nc_045512.2.fasta.S15-30_L3-10_M3.pal,6050,6150,0
122,nc_045512.2.fasta.S15-30_L3-10_M3.pal,6100,6200,0
123,nc_045512.2.fasta.S15-30_L3-10_M3.pal,6150,6250,0
124,nc_045512.2.fasta.S15-30_L3-10_M3.pal,6200,6300,3
125,nc_045512.2.fasta.S15-30_L3-10_M3.pal,6250,6350,3
126,nc_045512.2.fasta.S15-30_L3-10_M3.pal,6300,6400,3
127,nc_045512.2.fasta.S15-30_L3-10_M3.pal,6350,6450,0
128,nc_045512.2.fasta.S15-30_L3-10_M3.pal,6400,6500,0
129,nc_045512.2.fasta.S15-30_L3-10_M3.pal,6450,6550,0
130,nc_045512.2.fasta.S15-30_L3-10_M3.pal,6500,6600,0
131,nc_045512.2.fasta.S15-30_L3-10_M3.pal,6550,6650,0
132,nc_045512.2.fasta.S15-30_L3-10_M3.pal,6600,6700,0
133,nc_045512.2.fasta.S15-30_L3-10_M3.pal,6650,6750,0
134,nc_045512.2.fasta.S15-30_L3-10_M3.pal,6700,6800,8
135,nc_045512.2.fasta.S15-30_L3-10_M3.pal,6750,6850,8
136,nc_045512.2.fasta.S15-30_L3-10_M3.pal,6800,6900,8
137,nc_045512.2.fasta.S15-30_L3-10_M3.pal,6850,6950,0
138,nc_045512.2.fasta.S15-30_L3-10_M3.pal,6900,7000,0
139,nc_045512.2.fasta.S15-30_L3-10_M3.pal,6950,7050,1
140,nc_045512.2.fasta.S15-30_L3-10_M3.pal,7000,7100,1
141,nc_045512.2.fasta.S15-30_L3-10_M3.pal,7050,7150,1
142,nc_045512.2.fasta.S15-30_L3-10_M3.pal,7100,7200,0
143,nc_045512.2.fasta.S15-30_L3-10_M3.pal,7150,7250,0
144,nc_045512.2.fasta.S15-30_L3-10_M3.pal,7200,7300,0
145,nc_045512.2.fasta.S15-30_L3-10_M3.pal,7250,7350,0
146,nc_045512.2.fasta.S15-30_L3-10_M3.pal,7300,7400,0
147,nc_045512.2.fasta.S15-30_L3-10_M3.pal,7350,7450,0
148,nc_045512.2.fasta.S15-30_L3-10_M3.pal,7400,7500,2
149,nc_045512.2.fasta.S15-30_L3-10_M3.pal,7450,7550,2
150,nc_045512.2.fasta.S15-30_L3-10_M3.pal,7500,7600,2
151,nc_045512.2.fasta.S15-30_L3-10_M3.pal,7550,7650,0
152,nc_045512.2.fasta.S15-30_L3-10_M3.pal,7600,7700,0
153,nc_045512.2.fasta.S15-30_L3-10_M3.pal,7650,7750,0
154,nc_045512.2.fasta.S15-30_L3-10_M3.pal,7700,7800,0
155,nc_045512.2.fasta.S15-30_L3-10_M3.pal,7750,7850,0
156,nc_045512.2.fasta.S15-30_L3-10_M3.pal,7800,7900,2
157,nc_045512.2.fasta.S15-30_L3-10_M3.pal,7850,7950,2
158,nc_045512.2.fasta.S15-30_L3-10_M3.pal,7900,8000,0
159,nc_045512.2.fasta.S15-30_L3-10_M3.pal,7950,8050,0
160,nc_045512.2.fasta.S15-30_L3-10_M3.pal,8000,8100,0
161,nc_045512.2.fasta.S15-30_L3-10_M3.pal,8050,8150,0
162,nc_045512.2.fasta.S15-30_L3-10_M3.pal,8100,8200,0
163,nc_045512.2.fasta.S15-30_L3-10_M3.pal,8150,8250,0
164,nc_045512.2.fasta.S15-30_L3-10_M3.pal,8200,8300,0
165,nc_045512.2.fasta.S15-30_L3-10_M3.pal,8250,8350,0
166,nc_045512.2.fasta.S15-30_L3-10_M3.pal,8300,8400,0
167,nc_045512.2.fasta.S15-30_L3-10_M3.pal,8350,8450,0
168,nc_045512.2.fasta.S15-30_L3-10_M3.pal,8400,8500,0
169,nc_045512.2.fasta.S15-30_L3-10_M3.pal,8450,8550,0
170,nc_045512.2.fasta.S15-30_L3-10_M3.pal,8500,8600,0
171,nc_045512.2.fasta.S15-30_L3-10_M3.pal,8550,8650,0
172,nc_045512.2.fasta.S15-30_L3-10_M3.pal,8600,8700,0
173,nc_045512.2.fasta.S15-30_L3-10_M3.pal,8650,8750,0
174,nc_045512.2.fasta.S15-30_L3-10_M3.pal,8700,8800,0
175,nc_045512.2.fasta.S15-30_L3-10_M3.pal,8750,8850,0
176,nc_045512.2.fasta.S15-30_L3-10_M3.pal,8800,8900,0
177,nc_045512.2.fasta.S15-30_L3-10_M3.pal,8850,8950,0
178,nc_045512.2.fasta.S15-30_L3-10_M3.pal,8900,9000,0
179,nc_045512.2.fasta.S15-30_L3-10_M3.pal,8950,9050,0
180,nc_045512.2.fasta.S15-30_L3-10_M3.pal,9000,9100,0
181,nc_045512.2.fasta.S15-30_L3-10_M3.pal,9050,9150,0
182,nc_045512.2.fasta.S15-30_L3-10_M3.pal,9100,9200,0
183,nc_045512.2.fasta.S15-30_L3-10_M3.pal,9150,9250,0
184,nc_045512.2.fasta.S15-30_L3-10_M3.pal,9200,9300,0
185,nc_045512.2.fasta.S15-30_L3-10_M3.pal,9250,9350,0
186,nc_045512.2.fasta.S15-30_L3-10_M3.pal,9300,9400,0
187,nc_045512.2.fasta.S15-30_L3-10_M3.pal,9350,9450,0
188,nc_045512.2.fasta.S15-30_L3-10_M3.pal,9400,9500,0
189,nc_045512.2.fasta.S15-30_L3-10_M3.pal,9450,9550,0
190,nc_045512.2.fasta.S15-30_L3-10_M3.pal,9500,9600,0
191,nc_045512.2.fasta.S15-30_L3-10_M3.pal,9550,9650,0
192,nc_045512.2.fasta.S15-30_L3-10_M3.pal,9600,9700,0
193,nc_045512.2.fasta.S15-30_L3-10_M3.pal,9650,9750,0
194,nc_045512.2.fasta.S15-30_L3-10_M3.pal,9700,9800,0
195,nc_045512.2.fasta.S15-30_L3-10_M3.pal,9750,9850,0
196,nc_045512.2.fasta.S15-30_L3-10_M3.pal,9800,9900,0
197,nc_045512.2.fasta.S15-30_L3-10_M3.pal,9850,9950,0
198,nc_045512.2.fasta.S15-30_L3-10_M3.pal,9900,10000,0
199,nc_045512.2.fasta.S15-30_L3-10_M3.pal,9950,10050,0
200,nc_045512.2.fasta.S15-30_L3-10_M3.pal,10000,10100,0
201,nc_045512.2.fasta.S15-30_L3-10_M3.pal,10050,10150,0
202,nc_045512.2.fasta.S15-30_L3-10_M3.pal,10100,10200,0
203,nc_045512.2.fasta.S15-30_L3-10_M3.pal,10150,10250,2
204,nc_045512.2.fasta.S15-30_L3-10_M3.pal,10200,10300,2
205,nc_045512.2.fasta.S15-30_L3-10_M3.pal,10250,10350,0
206,nc_045512.2.fasta.S15-30_L3-10_M3.pal,10300,10400,0
207,nc_045512.2.fasta.S15-30_L3-10_M3.pal,10350,10450,0
208,nc_045512.2.fasta.S15-30_L3-10_M3.pal,10400,10500,0
209,nc_045512.2.fasta.S15-30_L3-10_M3.pal,10450,10550,0
210,nc_045512.2.fasta.S15-30_L3-10_M3.pal,10500,10600,0
211,nc_045512.2.fasta.S15-30_L3-10_M3.pal,10550,10650,0
212,nc_045512.2.fasta.S15-30_L3-10_M3.pal,10600,10700,0
213,nc_045512.2.fasta.S15-30_L3-10_M3.pal,10650,10750,0
214,nc_045512.2.fasta.S15-30_L3-10_M3.pal,10700,10800,0
215,nc_045512.2.fasta.S15-30_L3-10_M3.pal,10750,10850,0
216,nc_045512.2.fasta.S15-30_L3-10_M3.pal,10800,10900,0
217,nc_045512.2.fasta.S15-30_L3-10_M3.pal,10850,10950,0
218,nc_045512.2.fasta.S15-30_L3-10_M3.pal,10900,11000,0
219,nc_045512.2.fasta.S15-30_L3-10_M3.pal,10950,11050,0
220,nc_045512.2.fasta.S15-30_L3-10_M3.pal,11000,11100,0
221,nc_045512.2.fasta.S15-30_L3-10_M3.pal,11050,11150,0
222,nc_045512.2.fasta.S15-30_L3-10_M3.pal,11100,11200,0
223,nc_045512.2.fasta.S15-30_L3-10_M3.pal,11150,11250,0
224,nc_045512.2.fasta.S15-30_L3-10_M3.pal,11200,11300,0
225,nc_045512.2.fasta.S15-30_L3-10_M3.pal,11250,11350,0
226,nc_045512.2.fasta.S15-30_L3-10_M3.pal,11300,11400,0
227,nc_045512.2.fasta.S15-30_L3-10_M3.pal,11350,11450,0
228,nc_045512.2.fasta.S15-30_L3-10_M3.pal,11400,11500,0
229,nc_045512.2.fasta.S15-30_L3-10_M3.pal,11450,11550,0
230,nc_045512.2.fasta.S15-30_L3-10_M3.pal,11500,11600,0
231,nc_045512.2.fasta.S15-30_L3-10_M3.pal,11550,11650,0
232,nc_045512.2.fasta.S15-30_L3-10_M3.pal,11600,11700,0
233,nc_045512.2.fasta.S15-30_L3-10_M3.pal,11650,11750,0
234,nc_045512.2.fasta.S15-30_L3-10_M3.pal,11700,11800,0
235,nc_045512.2.fasta.S15-30_L3-10_M3.pal,11750,11850,0
236,nc_045512.2.fasta.S15-30_L3-10_M3.pal,11800,11900,3
237,nc_045512.2.fasta.S15-30_L3-10_M3.pal,11850,11950,3
238,nc_045512.2.fasta.S15-30_L3-10_M3.pal,11900,12000,3
239,nc_045512.2.fasta.S15-30_L3-10_M3.pal,11950,12050,0
240,nc_045512.2.fasta.S15-30_L3-10_M3.pal,12000,12100,0
241,nc_045512.2.fasta.S15-30_L3-10_M3.pal,12050,12150,0
242,nc_045512.2.fasta.S15-30_L3-10_M3.pal,12100,12200,0
243,nc_045512.2.fasta.S15-30_L3-10_M3.pal,12150,12250,0
244,nc_045512.2.fasta.S15-30_L3-10_M3.pal,12200,12300,0
245,nc_045512.2.fasta.S15-30_L3-10_M3.pal,12250,12350,0
246,nc_045512.2.fasta.S15-30_L3-10_M3.pal,12300,12400,0
247,nc_045512.2.fasta.S15-30_L3-10_M3.pal,12350,12450,0
248,nc_045512.2.fasta.S15-30_L3-10_M3.pal,12400,12500,0
249,nc_045512.2.fasta.S15-30_L3-10_M3.pal,12450,12550,0
250,nc_045512.2.fasta.S15-30_L3-10_M3.pal,12500,12600,0
251,nc_045512.2.fasta.S15-30_L3-10_M3.pal,12550,12650,0
252,nc_045512.2.fasta.S15-30_L3-10_M3.pal,12600,12700,0
253,nc_045512.2.fasta.S15-30_L3-10_M3.pal,12650,12750,0
254,nc_045512.2.fasta.S15-30_L3-10_M3.pal,12700,12800,0
255,nc_045512.2.fasta.S15-30_L3-10_M3.pal,12750,12850,0
256,nc_045512.2.fasta.S15-30_L3-10_M3.pal,12800,12900,2
257,nc_045512.2.fasta.S15-30_L3-10_M3.pal,12850,12950,2
258,nc_045512.2.fasta.S15-30_L3-10_M3.pal,12900,13000,2
259,nc_045512.2.fasta.S15-30_L3-10_M3.pal,12950,13050,0
260,nc_045512.2.fasta.S15-30_L3-10_M3.pal,13000,13100,0
261,nc_045512.2.fasta.S15-30_L3-10_M3.pal,13050,13150,0
262,nc_045512.2.fasta.S15-30_L3-10_M3.pal,13100,13200,0
263,nc_045512.2.fasta.S15-30_L3-10_M3.pal,13150,13250,0
264,nc_045512.2.fasta.S15-30_L3-10_M3.pal,13200,13300,0
265,nc_045512.2.fasta.S15-30_L3-10_M3.pal,13250,13350,0
266,nc_045512.2.fasta.S15-30_L3-10_M3.pal,13300,13400,0
267,nc_045512.2.fasta.S15-30_L3-10_M3.pal,13350,13450,0
268,nc_045512.2.fasta.S15-30_L3-10_M3.pal,13400,13500,0
269,nc_045512.2.fasta.S15-30_L3-10_M3.pal,13450,13550,0
270,nc_045512.2.fasta.S15-30_L3-10_M3.pal,13500,13600,0
271,nc_045512.2.fasta.S15-30_L3-10_M3.pal,13550,13650,6
272,nc_045512.2.fasta.S15-30_L3-10_M3.pal,13600,13700,6
273,nc_045512.2.fasta.S15-30_L3-10_M3.pal,13650,13750,6
274,nc_045512.2.fasta.S15-30_L3-10_M3.pal,13700,13800,2
275,nc_045512.2.fasta.S15-30_L3-10_M3.pal,13750,13850,2
276,nc_045512.2.fasta.S15-30_L3-10_M3.pal,13800,13900,0
277,nc_045512.2.fasta.S15-30_L3-10_M3.pal,13850,13950,0
278,nc_045512.2.fasta.S15-30_L3-10_M3.pal,13900,14000,0
279,nc_045512.2.fasta.S15-30_L3-10_M3.pal,13950,14050,0
280,nc_045512.2.fasta.S15-30_L3-10_M3.pal,14000,14100,0
281,nc_045512.2.fasta.S15-30_L3-10_M3.pal,14050,14150,0
282,nc_045512.2.fasta.S15-30_L3-10_M3.pal,14100,14200,0
283,nc_045512.2.fasta.S15-30_L3-10_M3.pal,14150,14250,0
284,nc_045512.2.fasta.S15-30_L3-10_M3.pal,14200,14300,0
285,nc_045512.2.fasta.S15-30_L3-10_M3.pal,14250,14350,0
286,nc_045512.2.fasta.S15-30_L3-10_M3.pal,14300,14400,0
287,nc_045512.2.fasta.S15-30_L3-10_M3.pal,14350,14450,0
288,nc_045512.2.fasta.S15-30_L3-10_M3.pal,14400,14500,0
289,nc_045512.2.fasta.S15-30_L3-10_M3.pal,14450,14550,0
290,nc_045512.2.fasta.S15-30_L3-10_M3.pal,14500,14600,0
291,nc_045512.2.fasta.S15-30_L3-10_M3.pal,14550,14650,0
292,nc_045512.2.fasta.S15-30_L3-10_M3.pal,14600,14700,0
293,nc_045512.2.fasta.S15-30_L3-10_M3.pal,14650,14750,0
294,nc_045512.2.fasta.S15-30_L3-10_M3.pal,14700,14800,0
295,nc_045512.2.fasta.S15-30_L3-10_M3.pal,14750,14850,1
296,nc_045512.2.fasta.S15-30_L3-10_M3.pal,14800,14900,1
297,nc_045512.2.fasta.S15-30_L3-10_M3.pal,14850,14950,1
298,nc_045512.2.fasta.S15-30_L3-10_M3.pal,14900,15000,0
299,nc_045512.2.fasta.S15-30_L3-10_M3.pal,14950,15050,0
300,nc_045512.2.fasta.S15-30_L3-10_M3.pal,15000,15100,0
301,nc_045512.2.fasta.S15-30_L3-10_M3.pal,15050,15150,0
302,nc_045512.2.fasta.S15-30_L3-10_M3.pal,15100,15200,0
303,nc_045512.2.fasta.S15-30_L3-10_M3.pal,15150,15250,0
304,nc_045512.2.fasta.S15-30_L3-10_M3.pal,15200,15300,0
305,nc_045512.2.fasta.S15-30_L3-10_M3.pal,15250,15350,0
306,nc_045512.2.fasta.S15-30_L3-10_M3.pal,15300,15400,0
307,nc_045512.2.fasta.S15-30_L3-10_M3.pal,15350,15450,0
308,nc_045512.2.fasta.S15-30_L3-10_M3.pal,15400,15500,0
309,nc_045512.2.fasta.S15-30_L3-10_M3.pal,15450,15550,0
310,nc_045512.2.fasta.S15-30_L3-10_M3.pal,15500,15600,0
311,nc_045512.2.fasta.S15-30_L3-10_M3.pal,15550,15650,0
312,nc_045512.2.fasta.S15-30_L3-10_M3.pal,15600,15700,0
313,nc_045512.2.fasta.S15-30_L3-10_M3.pal,15650,15750,0
314,nc_045512.2.fasta.S15-30_L3-10_M3.pal,15700,15800,0
315,nc_045512.2.fasta.S15-30_L3-10_M3.pal,15750,15850,0
316,nc_045512.2.fasta.S15-30_L3-10_M3.pal,15800,15900,0
317,nc_045512.2.fasta.S15-30_L3-10_M3.pal,15850,15950,0
318,nc_045512.2.fasta.S15-30_L3-10_M3.pal,15900,16000,0
319,nc_045512.2.fasta.S15-30_L3-10_M3.pal,15950,16050,0
320,nc_045512.2.fasta.S15-30_L3-10_M3.pal,16000,16100,0
321,nc_045512.2.fasta.S15-30_L3-10_M3.pal,16050,16150,1
322,nc_045512.2.fasta.S15-30_L3-10_M3.pal,16100,16200,1
323,nc_045512.2.fasta.S15-30_L3-10_M3.pal,16150,16250,1
324,nc_045512.2.fasta.S15-30_L3-10_M3.pal,16200,16300,0
325,nc_045512.2.fasta.S15-30_L3-10_M3.pal,16250,16350,0
326,nc_045512.2.fasta.S15-30_L3-10_M3.pal,16300,16400,0
327,nc_045512.2.fasta.S15-30_L3-10_M3.pal,16350,16450,0
328,nc_045512.2.fasta.S15-30_L3-10_M3.pal,16400,16500,0
329,nc_045512.2.fasta.S15-30_L3-10_M3.pal,16450,16550,0
330,nc_045512.2.fasta.S15-30_L3-10_M3.pal,16500,16600,0
331,nc_045512.2.fasta.S15-30_L3-10_M3.pal,16550,16650,0
332,nc_045512.2.fasta.S15-30_L3-10_M3.pal,16600,16700,0
333,nc_045512.2.fasta.S15-30_L3-10_M3.pal,16650,16750,0
334,nc_045512.2.fasta.S15-30_L3-10_M3.pal,16700,16800,4
335,nc_045512.2.fasta.S15-30_L3-10_M3.pal,16750,16850,4
336,nc_045512.2.fasta.S15-30_L3-10_M3.pal,16800,16900,4
337,nc_045512.2.fasta.S15-30_L3-10_M3.pal,16850,16950,0
338,nc_045512.2.fasta.S15-30_L3-10_M3.pal,16900,17000,0
339,nc_045512.2.fasta.S15-30_L3-10_M3.pal,16950,17050,0
340,nc_045512.2.fasta.S15-30_L3-10_M3.pal,17000,17100,0
341,nc_045512.2.fasta.S15-30_L3-10_M3.pal,17050,17150,0
342,nc_045512.2.fasta.S15-30_L3-10_M3.pal,17100,17200,0
343,nc_045512.2.fasta.S15-30_L3-10_M3.pal,17150,17250,0
344,nc_045512.2.fasta.S15-30_L3-10_M3.pal,17200,17300,0
345,nc_045512.2.fasta.S15-30_L3-10_M3.pal,17250,17350,0
346,nc_045512.2.fasta.S15-30_L3-10_M3.pal,17300,17400,0
347,nc_045512.2.fasta.S15-30_L3-10_M3.pal,17350,17450,0
348,nc_045512.2.fasta.S15-30_L3-10_M3.pal,17400,17500,0
349,nc_045512.2.fasta.S15-30_L3-10_M3.pal,17450,17550,0
350,nc_045512.2.fasta.S15-30_L3-10_M3.pal,17500,17600,0
351,nc_045512.2.fasta.S15-30_L3-10_M3.pal,17550,17650,0
352,nc_045512.2.fasta.S15-30_L3-10_M3.pal,17600,17700,0
353,nc_045512.2.fasta.S15-30_L3-10_M3.pal,17650,17750,0
354,nc_045512.2.fasta.S15-30_L3-10_M3.pal,17700,17800,0
355,nc_045512.2.fasta.S15-30_L3-10_M3.pal,17750,17850,0
356,nc_045512.2.fasta.S15-30_L3-10_M3.pal,17800,17900,0
357,nc_045512.2.fasta.S15-30_L3-10_M3.pal,17850,17950,0
358,nc_045512.2.fasta.S15-30_L3-10_M3.pal,17900,18000,0
359,nc_045512.2.fasta.S15-30_L3-10_M3.pal,17950,18050,0
360,nc_045512.2.fasta.S15-30_L3-10_M3.pal,18000,18100,0
361,nc_045512.2.fasta.S15-30_L3-10_M3.pal,18050,18150,2
362,nc_045512.2.fasta.S15-30_L3-10_M3.pal,18100,18200,2
363,nc_045512.2.fasta.S15-30_L3-10_M3.pal,18150,18250,0
364,nc_045512.2.fasta.S15-30_L3-10_M3.pal,18200,18300,0
365,nc_045512.2.fasta.S15-30_L3-10_M3.pal,18250,18350,0
366,nc_045512.2.fasta.S15-30_L3-10_M3.pal,18300,18400,0
367,nc_045512.2.fasta.S15-30_L3-10_M3.pal,18350,18450,0
368,nc_045512.2.fasta.S15-30_L3-10_M3.pal,18400,18500,0
369,nc_045512.2.fasta.S15-30_L3-10_M3.pal,18450,18550,0
370,nc_045512.2.fasta.S15-30_L3-10_M3.pal,18500,18600,0
371,nc_045512.2.fasta.S15-30_L3-10_M3.pal,18550,18650,0
372,nc_045512.2.fasta.S15-30_L3-10_M3.pal,18600,18700,0
373,nc_045512.2.fasta.S15-30_L3-10_M3.pal,18650,18750,0
374,nc_045512.2.fasta.S15-30_L3-10_M3.pal,18700,18800,0
375,nc_045512.2.fasta.S15-30_L3-10_M3.pal,18750,18850,0
376,nc_045512.2.fasta.S15-30_L3-10_M3.pal,18800,18900,0
377,nc_045512.2.fasta.S15-30_L3-10_M3.pal,18850,18950,0
378,nc_045512.2.fasta.S15-30_L3-10_M3.pal,18900,19000,0
379,nc_045512.2.fasta.S15-30_L3-10_M3.pal,18950,19050,0
380,nc_045512.2.fasta.S15-30_L3-10_M3.pal,19000,19100,0
381,nc_045512.2.fasta.S15-30_L3-10_M3.pal,19050,19150,0
382,nc_045512.2.fasta.S15-30_L3-10_M3.pal,19100,19200,0
383,nc_045512.2.fasta.S15-30_L3-10_M3.pal,19150,19250,0
384,nc_045512.2.fasta.S15-30_L3-10_M3.pal,19200,19300,0
385,nc_045512.2.fasta.S15-30_L3-10_M3.pal,19250,19350,0
386,nc_045512.2.fasta.S15-30_L3-10_M3.pal,19300,19400,0
387,nc_045512.2.fasta.S15-30_L3-10_M3.pal,19350,19450,2
388,nc_045512.2.fasta.S15-30_L3-10_M3.pal,19400,19500,2
389,nc_045512.2.fasta.S15-30_L3-10_M3.pal,19450,19550,2
390,nc_045512.2.fasta.S15-30_L3-10_M3.pal,19500,19600,0
391,nc_045512.2.fasta.S15-30_L3-10_M3.pal,19550,19650,0
392,nc_045512.2.fasta.S15-30_L3-10_M3.pal,19600,19700,0
393,nc_045512.2.fasta.S15-30_L3-10_M3.pal,19650,19750,0
394,nc_045512.2.fasta.S15-30_L3-10_M3.pal,19700,19800,0
395,nc_045512.2.fasta.S15-30_L3-10_M3.pal,19750,19850,0
396,nc_045512.2.fasta.S15-30_L3-10_M3.pal,19800,19900,0
397,nc_045512.2.fasta.S15-30_L3-10_M3.pal,19850,19950,0
398,nc_045512.2.fasta.S15-30_L3-10_M3.pal,19900,20000,0
399,nc_045512.2.fasta.S15-30_L3-10_M3.pal,19950,20050,0
400,nc_045512.2.fasta.S15-30_L3-10_M3.pal,20000,20100,0
401,nc_045512.2.fasta.S15-30_L3-10_M3.pal,20050,20150,0
402,nc_045512.2.fasta.S15-30_L3-10_M3.pal,20100,20200,0
403,nc_045512.2.fasta.S15-30_L3-10_M3.pal,20150,20250,0
404,nc_045512.2.fasta.S15-30_L3-10_M3.pal,20200,20300,0
405,nc_045512.2.fasta.S15-30_L3-10_M3.pal,20250,20350,0
406,nc_045512.2.fasta.S15-30_L3-10_M3.pal,20300,20400,0
407,nc_045512.2.fasta.S15-30_L3-10_M3.pal,20350,20450,0
408,nc_045512.2.fasta.S15-30_L3-10_M3.pal,20400,20500,0
409,nc_045512.2.fasta.S15-30_L3-10_M3.pal,20450,20550,0
410,nc_045512.2.fasta.S15-30_L3-10_M3.pal,20500,20600,0
411,nc_045512.2.fasta.S15-30_L3-10_M3.pal,20550,20650,0
412,nc_045512.2.fasta.S15-30_L3-10_M3.pal,20600,20700,0
413,nc_045512.2.fasta.S15-30_L3-10_M3.pal,20650,20750,0
414,nc_045512.2.fasta.S15-30_L3-10_M3.pal,20700,20800,0
415,nc_045512.2.fasta.S15-30_L3-10_M3.pal,20750,20850,0
416,nc_045512.2.fasta.S15-30_L3-10_M3.pal,20800,20900,0
417,nc_045512.2.fasta.S15-30_L3-10_M3.pal,20850,20950,0
418,nc_045512.2.fasta.S15-30_L3-10_M3.pal,20900,21000,0
419,nc_045512.2.fasta.S15-30_L3-10_M3.pal,20950,21050,3
420,nc_045512.2.fasta.S15-30_L3-10_M3.pal,21000,21100,3
421,nc_045512.2.fasta.S15-30_L3-10_M3.pal,21050,21150,3
422,nc_045512.2.fasta.S15-30_L3-10_M3.pal,21100,21200,0
423,nc_045512.2.fasta.S15-30_L3-10_M3.pal,21150,21250,0
424,nc_045512.2.fasta.S15-30_L3-10_M3.pal,21200,21300,0
425,nc_045512.2.fasta.S15-30_L3-10_M3.pal,21250,21350,0
426,nc_045512.2.fasta.S15-30_L3-10_M3.pal,21300,21400,0
427,nc_045512.2.fasta.S15-30_L3-10_M3.pal,21350,21450,1
428,nc_045512.2.fasta.S15-30_L3-10_M3.pal,21400,21500,1
429,nc_045512.2.fasta.S15-30_L3-10_M3.pal,21450,21550,2
430,nc_045512.2.fasta.S15-30_L3-10_M3.pal,21500,21600,1
431,nc_045512.2.fasta.S15-30_L3-10_M3.pal,21550,21650,0
432,nc_045512.2.fasta.S15-30_L3-10_M3.pal,21600,21700,0
433,nc_045512.2.fasta.S15-30_L3-10_M3.pal,21650,21750,0
434,nc_045512.2.fasta.S15-30_L3-10_M3.pal,21700,21800,0
435,nc_045512.2.fasta.S15-30_L3-10_M3.pal,21750,21850,0
436,nc_045512.2.fasta.S15-30_L3-10_M3.pal,21800,21900,0
437,nc_045512.2.fasta.S15-30_L3-10_M3.pal,21850,21950,0
438,nc_045512.2.fasta.S15-30_L3-10_M3.pal,21900,22000,0
439,nc_045512.2.fasta.S15-30_L3-10_M3.pal,21950,22050,0
440,nc_045512.2.fasta.S15-30_L3-10_M3.pal,22000,22100,0
441,nc_045512.2.fasta.S15-30_L3-10_M3.pal,22050,22150,0
442,nc_045512.2.fasta.S15-30_L3-10_M3.pal,22100,22200,0
443,nc_045512.2.fasta.S15-30_L3-10_M3.pal,22150,22250,0
444,nc_045512.2.fasta.S15-30_L3-10_M3.pal,22200,22300,0
445,nc_045512.2.fasta.S15-30_L3-10_M3.pal,22250,22350,0
446,nc_045512.2.fasta.S15-30_L3-10_M3.pal,22300,22400,0
447,nc_045512.2.fasta.S15-30_L3-10_M3.pal,22350,22450,0
448,nc_045512.2.fasta.S15-30_L3-10_M3.pal,22400,22500,0
449,nc_045512.2.fasta.S15-30_L3-10_M3.pal,22450,22550,1
450,nc_045512.2.fasta.S15-30_L3-10_M3.pal,22500,22600,1
451,nc_045512.2.fasta.S15-30_L3-10_M3.pal,22550,22650,4
452,nc_045512.2.fasta.S15-30_L3-10_M3.pal,22600,22700,4
453,nc_045512.2.fasta.S15-30_L3-10_M3.pal,22650,22750,4
454,nc_045512.2.fasta.S15-30_L3-10_M3.pal,22700,22800,0
455,nc_045512.2.fasta.S15-30_L3-10_M3.pal,22750,22850,0
456,nc_045512.2.fasta.S15-30_L3-10_M3.pal,22800,22900,0
457,nc_045512.2.fasta.S15-30_L3-10_M3.pal,22850,22950,0
458,nc_045512.2.fasta.S15-30_L3-10_M3.pal,22900,23000,0
459,nc_045512.2.fasta.S15-30_L3-10_M3.pal,22950,23050,0
460,nc_045512.2.fasta.S15-30_L3-10_M3.pal,23000,23100,0
461,nc_045512.2.fasta.S15-30_L3-10_M3.pal,23050,23150,0
462,nc_045512.2.fasta.S15-30_L3-10_M3.pal,23100,23200,0
463,nc_045512.2.fasta.S15-30_L3-10_M3.pal,23150,23250,0
464,nc_045512.2.fasta.S15-30_L3-10_M3.pal,23200,23300,0
465,nc_045512.2.fasta.S15-30_L3-10_M3.pal,23250,23350,0
466,nc_045512.2.fasta.S15-30_L3-10_M3.pal,23300,23400,0
467,nc_045512.2.fasta.S15-30_L3-10_M3.pal,23350,23450,0
468,nc_045512.2.fasta.S15-30_L3-10_M3.pal,23400,23500,0
469,nc_045512.2.fasta.S15-30_L3-10_M3.pal,23450,23550,0
470,nc_045512.2.fasta.S15-30_L3-10_M3.pal,23500,23600,0
471,nc_045512.2.fasta.S15-30_L3-10_M3.pal,23550,23650,0
472,nc_045512.2.fasta.S15-30_L3-10_M3.pal,23600,23700,0
473,nc_045512.2.fasta.S15-30_L3-10_M3.pal,23650,23750,0
474,nc_045512.2.fasta.S15-30_L3-10_M3.pal,23700,23800,0
475,nc_045512.2.fasta.S15-30_L3-10_M3.pal,23750,23850,0
476,nc_045512.2.fasta.S15-30_L3-10_M3.pal,23800,23900,0
477,nc_045512.2.fasta.S15-30_L3-10_M3.pal,23850,23950,0
478,nc_045512.2.fasta.S15-30_L3-10_M3.pal,23900,24000,0
479,nc_045512.2.fasta.S15-30_L3-10_M3.pal,23950,24050,3
480,nc_045512.2.fasta.S15-30_L3-10_M3.pal,24000,24100,3
481,nc_045512.2.fasta.S15-30_L3-10_M3.pal,24050,24150,0
482,nc_045512.2.fasta.S15-30_L3-10_M3.pal,24100,24200,0
483,nc_045512.2.fasta.S15-30_L3-10_M3.pal,24150,24250,0
484,nc_045512.2.fasta.S15-30_L3-10_M3.pal,24200,24300,0
485,nc_045512.2.fasta.S15-30_L3-10_M3.pal,24250,24350,0
486,nc_045512.2.fasta.S15-30_L3-10_M3.pal,24300,24400,0
487,nc_045512.2.fasta.S15-30_L3-10_M3.pal,24350,24450,0
488,nc_045512.2.fasta.S15-30_L3-10_M3.pal,24400,24500,0
489,nc_045512.2.fasta.S15-30_L3-10_M3.pal,24450,24550,0
490,nc_045512.2.fasta.S15-30_L3-10_M3.pal,24500,24600,0
491,nc_045512.2.fasta.S15-30_L3-10_M3.pal,24550,24650,0
492,nc_045512.2.fasta.S15-30_L3-10_M3.pal,24600,24700,0
493,nc_045512.2.fasta.S15-30_L3-10_M3.pal,24650,24750,0
494,nc_045512.2.fasta.S15-30_L3-10_M3.pal,24700,24800,0
495,nc_045512.2.fasta.S15-30_L3-10_M3.pal,24750,24850,0
496,nc_045512.2.fasta.S15-30_L3-10_M3.pal,24800,24900,0
497,nc_045512.2.fasta.S15-30_L3-10_M3.pal,24850,24950,8
498,nc_045512.2.fasta.S15-30_L3-10_M3.pal,24900,25000,8
499,nc_045512.2.fasta.S15-30_L3-10_M3.pal,24950,25050,6
500,nc_045512.2.fasta.S15-30_L3-10_M3.pal,25000,25100,0
501,nc_045512.2.fasta.S15-30_L3-10_M3.pal,25050,25150,0
502,nc_045512.2.fasta.S15-30_L3-10_M3.pal,25100,25200,0
503,nc_045512.2.fasta.S15-30_L3-10_M3.pal,25150,25250,0
504,nc_045512.2.fasta.S15-30_L3-10_M3.pal,25200,25300,0
505,nc_045512.2.fasta.S15-30_L3-10_M3.pal,25250,25350,0
506,nc_045512.2.fasta.S15-30_L3-10_M3.pal,25300,25400,1
507,nc_045512.2.fasta.S15-30_L3-10_M3.pal,25350,25450,1
508,nc_045512.2.fasta.S15-30_L3-10_M3.pal,25400,25500,1
509,nc_045512.2.fasta.S15-30_L3-10_M3.pal,25450,25550,0
510,nc_045512.2.fasta.S15-30_L3-10_M3.pal,25500,25600,0
511,nc_045512.2.fasta.S15-30_L3-10_M3.pal,25550,25650,0
512,nc_045512.2.fasta.S15-30_L3-10_M3.pal,25600,25700,0
513,nc_045512.2.fasta.S15-30_L3-10_M3.pal,25650,25750,0
514,nc_045512.2.fasta.S15-30_L3-10_M3.pal,25700,25800,0
515,nc_045512.2.fasta.S15-30_L3-10_M3.pal,25750,25850,4
516,nc_045512.2.fasta.S15-30_L3-10_M3.pal,25800,25900,6
517,nc_045512.2.fasta.S15-30_L3-10_M3.pal,25850,25950,6
518,nc_045512.2.fasta.S15-30_L3-10_M3.pal,25900,26000,0
519,nc_045512.2.fasta.S15-30_L3-10_M3.pal,25950,26050,1
520,nc_045512.2.fasta.S15-30_L3-10_M3.pal,26000,26100,1
521,nc_045512.2.fasta.S15-30_L3-10_M3.pal,26050,26150,1
522,nc_045512.2.fasta.S15-30_L3-10_M3.pal,26100,26200,0
523,nc_045512.2.fasta.S15-30_L3-10_M3.pal,26150,26250,0
524,nc_045512.2.fasta.S15-30_L3-10_M3.pal,26200,26300,0
525,nc_045512.2.fasta.S15-30_L3-10_M3.pal,26250,26350,0
526,nc_045512.2.fasta.S15-30_L3-10_M3.pal,26300,26400,0
527,nc_045512.2.fasta.S15-30_L3-10_M3.pal,26350,26450,0
528,nc_045512.2.fasta.S15-30_L3-10_M3.pal,26400,26500,0
529,nc_045512.2.fasta.S15-30_L3-10_M3.pal,26450,26550,0
530,nc_045512.2.fasta.S15-30_L3-10_M3.pal,26500,26600,0
531,nc_045512.2.fasta.S15-30_L3-10_M3.pal,26550,26650,0
532,nc_045512.2.fasta.S15-30_L3-10_M3.pal,26600,26700,0
533,nc_045512.2.fasta.S15-30_L3-10_M3.pal,26650,26750,0
534,nc_045512.2.fasta.S15-30_L3-10_M3.pal,26700,26800,0
535,nc_045512.2.fasta.S15-30_L3-10_M3.pal,26750,26850,0
536,nc_045512.2.fasta.S15-30_L3-10_M3.pal,26800,26900,0
537,nc_045512.2.fasta.S15-30_L3-10_M3.pal,26850,26950,0
538,nc_045512.2.fasta.S15-30_L3-10_M3.pal,26900,27000,0
539,nc_045512.2.fasta.S15-30_L3-10_M3.pal,26950,27050,0
540,nc_045512.2.fasta.S15-30_L3-10_M3.pal,27000,27100,0
541,nc_045512.2.fasta.S15-30_L3-10_M3.pal,27050,27150,0
542,nc_045512.2.fasta.S15-30_L3-10_M3.pal,27100,27200,0
543,nc_045512.2.fasta.S15-30_L3-10_M3.pal,27150,27250,0
544,nc_045512.2.fasta.S15-30_L3-10_M3.pal,27200,27300,0
545,nc_045512.2.fasta.S15-30_L3-10_M3.pal,27250,27350,6
546,nc_045512.2.fasta.S15-30_L3-10_M3.pal,27300,27400,6
547,nc_045512.2.fasta.S15-30_L3-10_M3.pal,27350,27450,5
548,nc_045512.2.fasta.S15-30_L3-10_M3.pal,27400,27500,0
549,nc_045512.2.fasta.S15-30_L3-10_M3.pal,27450,27550,0
550,nc_045512.2.fasta.S15-30_L3-10_M3.pal,27500,27600,0
551,nc_045512.2.fasta.S15-30_L3-10_M3.pal,27550,27650,0
552,nc_045512.2.fasta.S15-30_L3-10_M3.pal,27600,27700,0
553,nc_045512.2.fasta.S15-30_L3-10_M3.pal,27650,27750,0
554,nc_045512.2.fasta.S15-30_L3-10_M3.pal,27700,27800,0
555,nc_045512.2.fasta.S15-30_L3-10_M3.pal,27750,27850,0
556,nc_045512.2.fasta.S15-30_L3-10_M3.pal,27800,27900,0
557,nc_045512.2.fasta.S15-30_L3-10_M3.pal,27850,27950,0
558,nc_045512.2.fasta.S15-30_L3-10_M3.pal,27900,28000,0
559,nc_045512.2.fasta.S15-30_L3-10_M3.pal,27950,28050,0
560,nc_045512.2.fasta.S15-30_L3-10_M3.pal,28000,28100,0
561,nc_045512.2.fasta.S15-30_L3-10_M3.pal,28050,28150,0
562,nc_045512.2.fasta.S15-30_L3-10_M3.pal,28100,28200,0
563,nc_045512.2.fasta.S15-30_L3-10_M3.pal,28150,28250,0
564,nc_045512.2.fasta.S15-30_L3-10_M3.pal,28200,28300,0
565,nc_045512.2.fasta.S15-30_L3-10_M3.pal,28250,28350,0
566,nc_045512.2.fasta.S15-30_L3-10_M3.pal,28300,28400,0
567,nc_045512.2.fasta.S15-30_L3-10_M3.pal,28350,28450,0
568,nc_045512.2.fasta.S15-30_L3-10_M3.pal,28400,28500,0
569,nc_045512.2.fasta.S15-30_L3-10_M3.pal,28450,28550,0
570,nc_045512.2.fasta.S15-30_L3-10_M3.pal,28500,28600,0
571,nc_045512.2.fasta.S15-30_L3-10_M3.pal,28550,28650,0
572,nc_045512.2.fasta.S15-30_L3-10_M3.pal,28600,28700,0
573,nc_045512.2.fasta.S15-30_L3-10_M3.pal,28650,28750,0
574,nc_045512.2.fasta.S15-30_L3-10_M3.pal,28700,28800,0
575,nc_045512.2.fasta.S15-30_L3-10_M3.pal,28750,28850,0
576,nc_045512.2.fasta.S15-30_L3-10_M3.pal,28800,28900,0
577,nc_045512.2.fasta.S15-30_L3-10_M3.pal,28850,28950,0
578,nc_045512.2.fasta.S15-30_L3-10_M3.pal,28900,29000,0
579,nc_045512.2.fasta.S15-30_L3-10_M3.pal,28950,29050,1
580,nc_045512.2.fasta.S15-30_L3-10_M3.pal,29000,29100,1
581,nc_045512.2.fasta.S15-30_L3-10_M3.pal,29050,29150,1
582,nc_045512.2.fasta.S15-30_L3-10_M3.pal,29100,29200,0
583,nc_045512.2.fasta.S15-30_L3-10_M3.pal,29150,29250,0
584,nc_045512.2.fasta.S15-30_L3-10_M3.pal,29200,29300,0
585,nc_045512.2.fasta.S15-30_L3-10_M3.pal,29250,29350,0
586,nc_045512.2.fasta.S15-30_L3-10_M3.pal,29300,29400,0
587,nc_045512.2.fasta.S15-30_L3-10_M3.pal,29350,29450,0
588,nc_045512.2.fasta.S15-30_L3-10_M3.pal,29400,29500,0
589,nc_045512.2.fasta.S15-30_L3-10_M3.pal,29450,29550,0
590,nc_045512.2.fasta.S15-30_L3-10_M3.pal,29500,29600,0
591,nc_045512.2.fasta.S15-30_L3-10_M3.pal,29550,29650,0
592,nc_045512.2.fasta.S15-30_L3-10_M3.pal,29600,29700,0
593,nc_045512.2.fasta.S15-30_L3-10_M3.pal,29650,29750,0
594,nc_045512.2.fasta.S15-30_L3-10_M3.pal,29700,29800,0
595,nc_045512.2.fasta.S15-30_L3-10_M3.pal,29750,29850,0
596,nc_045512.2.fasta.S15-30_L3-10_M3.pal,29800,29900,0
597,nc_045512.2.fasta.S15-30_L3-10_M3.pal,29850,29950,0
598,nc_045512.2.fasta.S15-30_L3-10_M3.pal,29900,30000,0
599,nc_045512.2.fasta.S15-30_L3-10_M3.pal,29950,30050,0
600,nc_045512.2.fasta.S15-30_L3-10_M3.pal,30000,30100,0
601,nc_045512.2.fasta.S15-30_L3-10_M3.pal,30050,30150,0
602,nc_045512.2.fasta.S15-30_L3-10_M3.pal,30100,30200,0
603,nc_045512.2.fasta.S15-30_L3-10_M3.pal,30150,30250,0
604,nc_045512.2.fasta.S15-30_L3-10_M3.pal,30200,30300,0
605,nc_045512.2.fasta.S15-30_L3-10_M3.pal,30250,30350,0
606,nc_045512.2.fasta.S15-30_L3-10_M3.pal,30300,30400,0
607,nc_045512.2.fasta.S15-30_L3-10_M3.pal,30350,30450,0
608,nc_045512.2.fasta.S15-30_L3-10_M3.pal,30400,30500,0
609,nc_045512.2.fasta.S15-30_L3-10_M3.pal,30450,30550,0
610,nc_045512.2.fasta.S15-30_L3-10_M3.pal,30500,30600,0
611,nc_045512.2.fasta.S15-30_L3-10_M3.pal,30550,30650,0
612,nc_045512.2.fasta.S15-30_L3-10_M3.pal,30600,30700,0
613,nc_045512.2.fasta.S15-30_L3-10_M3.pal,30650,30750,0
614,nc_045512.2.fasta.S15-30_L3-10_M3.pal,30700,30800,0
615,nc_045512.2.fasta.S15-30_L3-10_M3.pal,30750,30850,0
616,nc_045512.2.fasta.S15-30_L3-10_M3.pal,30800,30900,0
617,nc_045512.2.fasta.S15-30_L3-10_M3.pal,30850,30950,0
618,nc_045512.2.fasta.S15-30_L3-10_M3.pal,30900,31000,0
619,nc_045512.2.fasta.S15-30_L3-10_M3.pal,30950,31050,0
620,nc_045512.2.fasta.S15-30_L3-10_M3.pal,31000,31100,0
621,nc_045512.2.fasta.S15-30_L3-10_M3.pal,31050,31150,0
622,nc_045512.2.fasta.S15-30_L3-10_M3.pal,31100,31200,0
623,nc_045512.2.fasta.S15-30_L3-10_M3.pal,31150,31250,0
624,nc_045512.2.fasta.S15-30_L3-10_M3.pal,31200,31300,0
625,nc_045512.2.fasta.S15-30_L3-10_M3.pal,31250,31350,0
626,nc_045512.2.fasta.S15-30_L3-10_M3.pal,31300,31400,0
627,nc_045512.2.fasta.S15-30_L3-10_M3.pal,31350,31450,0
628,nc_045512.2.fasta.S15-30_L3-10_M3.pal,31400,31500,0
629,nc_045512.2.fasta.S15-30_L3-10_M3.pal,31450,31550,0
630,nc_045512.2.fasta.S15-30_L3-10_M3.pal,31500,31600,0
631,nc_045512.2.fasta.S15-30_L3-10_M3.pal,31550,31650,0
632,nc_045512.2.fasta.S15-30_L3-10_M3.pal,31600,31700,0
633,nc_045512.2.fasta.S15-30_L3-10_M3.pal,31650,31750,0
